Date,Author,Text,label
10/11/2021,Rezky,sampah di depan kost belum di angkut selama dua pekan ini,netral
10/11/2021,Fauzi,"proses pengolahan sampah masih terpilihnya belum efisien, dan masyarakat masih tergolong primitif dalam konteks ikut andil dalam pengolahan sampah",negatif
10/11/2021,Ibel,Sangat banyak,netral
10/11/2021,Jasmawati,Melakukan daur ulang sampah anorganik,negatif
10/11/2021,Rian,sangat banyak dan tempat penampungan yang tidak sepadan,netral
10/11/2021,Dion Raharjo de jon,"Sebagian bersih sebagian Di sudut-sudut nya masih banyak sampah, apa lagi di bagian kolom tol biasa banyak orang kalo malam² sampah plastik ",positif
10/11/2021,BALQIS PUTRI AMSURI,"Menurut saya kesadaran masyarakat makassar terhadap pengelolaan sampah masih renda, selain sampah yang sulit dikendalikan dan diurai , masyarakat juga masih sering membuang sampah sembarangan sehingga mencemari lingkungan",negatif
10/11/2021,Inayah Ulfa,"Banyaknya sampah yang ada di kota kita tercinta ini, yang semakin hari semakin bertambah berton-ton sampah yang masuk ke pembuangan akhir. Tanpa kita sadari bisa menjadi wabah penyakit dan bisa saja menjadi gunung sampah. Maka diperlukan adanya inovasi terkait pengelolaan sampah maupun usaha penanggulangan pengurangan plastik demi terciptanya lingkungan yang bersih.",positif
10/11/2021,Ilam,Sangat banyak berhamburan,netral
10/11/2021,Wina Permatasari ,"Masalah sampah di Makassar adalah masalah yang serius dan rumit. Sama seperti kota besar lainnya, pengelolaan sampah di Makassar sering mengalami kendala karena kurangnya kesadaran masyarakat dalam membuang sampah dengan benar dan kurangnya fasilitas serta infrastruktur pengelolaan sampah yang memadai.",negatif
10/11/2021,Wahyuni Zahra,sangat mencemari lingkungan,netral
10/11/2021,Ika Anjayy,"cukup meresahkan untuk didaerah tertentu dan untuk beberapa objek yang bagus tetapi terdapat sampah yang berceceran juga bertumpuk disuatu sudut, dipinggir jalan ataupun didepan toko yang sangat merusak pemandangan daerah sekitar, belum lagi untuk truck truck pengangkut sampah yang dikemudikan dengan ugal ugalan yang membuat sampah yang diangkut beterbangan dijalan, ini sangat perlu ditindak lanjuti oleh pemerintah setempat karna membuat kota makassar terlihat sangat kumuh",negatif
10/11/2021,Sahrani,Banyaknya sampah yang dibuang sembarangan merusak pemandangan kota makassar juga mendatangkan bau tidak sedap,positif
10/11/2021,Ari Wibowo ,Menurut saya pengelolaan sampah di Makassar masih sangat buruk karena sampah-sampah masih berserakan di mana-mana,negatif
10/11/2021,Alif ,Terserah,netral
10/11/2021,Zenith,Kesadaran masyarakat mengenai pentingnya memilah sampah dan mendukung upaya daur ulang masih perlu ditingkatkan.,positif
10/11/2021,Anisa Mutmainnah ,"Pengelolaan sampah di Makassar perlu lebih terorganisir dengan baik. Selain sistem pengumpulan sampah yang harus diperbaiki, fasilitas tempat sampah di ruang publik juga harus lebih banyak dan mudah diakses. Pemerintah perlu memperkuat sistem pemilahan sampah antara organik dan non-organik.",positif
10/11/2021,Aiman ,"sebenarnya untuk kategori kota besar sudah baik dalam pengelolaan sampahnya akan tetapi masih ada beberapa titik dimana orang"" masih lalai akan hal tersebut yang masih saja membuang sampah sembarangan",negatif
10/11/2021,Novita,sangat mengganggu kenyamanan,positif
10/11/2021,Andi Nurwahdy Al Fiqri Aris ,"Sampah harus dibuang pada tempatnya, dan kesadaran orang ramai juga harus di tingkatkan",positif
10/11/2021,Nurhalizah,Makassar disebabkan oleh kurangnya kesadaran sebagian masyarakat dalam membuang sampah pada tempatnya.,negatif
10/11/2021,Astrid Aprilya ,sampah di Makassar sdh sangat banyak dan baunya itu sangat menganggu disaat hujan mungkin ketika pemilihan bupati kali ini harus dipertanyakan program kerjanya atau solusinya untuk sampah-sampah yg berserakan di pinggir jalan,negatif
10/11/2021,Nur fitrah,Angka Sampah di makassar terbilang cukup tinggi dan sangat meresahkan karena ulah manusia yg tidak peduli akan lingkungan,negatif
10/11/2021,nur afisah,"merusak pemandangan, mendatangkan bau yang tidak sedap, mendatangkan banjir level rendah sampai yang tinggi, mendatangkan berbagai penyakit dan dapat mencemari lingkungan.",negatif
10/11/2021,A. Besse Ratnasari,Sangat meresahkan dan membuat pengguna jalan terganggu dengan baunya setiap musim hujan ,netral
10/11/2021,Suprax,"Kurang perhatian pemerintah, kesadaran masyarakat juga harus di tingkatkan untuk keberlangsungan jangka panjang.",positif
10/11/2021,Ayu Firnanda ,"Kota Makassar memiliki masalah serius dalam mengelola sampahnya.  karena tidak memiliki strategi yang efektif untuk menangani yang kelebihan kapasitas. Hal ini menyebabkan peningkatan volume sampah yang membahayakan kesehatan masyarakat. Meski Makassar telah mendapatkan penghargaan Adipura, masih banyak tumpukan sampah di berbagai tempat, menunjukkan belum optimalnya penanganan sampah di kota tersebut. Upaya seperti bank sampah sudah mulai dilakukan, tetapi diperlukan edukasi dan partisipasi lebih banyak dari masyarakat agar sampah dapat dipisahkan dan dikelola dengan baik dari sumbernya.",positif
10/11/2021,Nadia,Masi ada warga yg TDK membuang sampah pada tempatnya ,netral
10/20/2021,Muhammad Al Muqarram Said ,Sangat Buruh,netral
10/20/2021,Ananda aprilia,Iya,netral
10/20/2021,Emi,"Sampah di Makassar memang menjadi masalah serius, dengan banyak sampah berserakan di tempat umum yang mencerminkan kurangnya kesadaran masyarakat. Meskipun pemerintah dan berbagai pihak telah berusaha mengelola sampah, tantangan besar tetap ada, seperti fasilitas pengelolaan yang terbatas dan rendahnya partisipasi masyarakat. Namun, ada peluang perbaikan melalui edukasi dan kolaborasi untuk pemilahan sampah, daur ulang, dan pengurangan penggunaan plastik.",negatif
10/20/2021,Sukmawati ,Sangat mengganggu ,netral
10/20/2021,Darmawan Setiawan ,"Volume sampah di kota Makassar terus meningkat setiap tahunnya untuk itu perlu adanya upaya pengolahan sampah yang tepat, terlebih lagi TPA Antang sudah mengalami over kapasitas.",negatif
10/20/2021,Rajas Wijaya,Jangan buang sampah sembarangan,netral
10/20/2021,Ananda aprilia,Untuk area makassar masih banayak sampah yang berserakan krna kurangnya kesadaran masyarakat dalam.membuang smpah pada tempatnya,positif
10/20/2021,Muh Fauzi Tanjung,"Terkait sampah yang ada di kota makassar, saya berfikir ini harus di mulai dari pendidikan dasar yang harus di ajarkan lebih matang di sekolah....


saya berfikir sembari membersihkan sampah yang ada di kota ini, ada bagusnya di sandingi dengan edukasi yang lebih ter arah",positif
10/20/2021,Dewi,"sebaiknya masyarakat sadar tidak membuang sampah sembarangan 
sebaikknya warga mendaur ulang sampah habis pakai
sebaiknya pemerintah menyiapkan tempat pembuangan yang lebih besar lagi ",positif
10/20/2021,Husnul Khatimah ,Sangat memberikan dampak buruk bagi masyarakat khususnya warga yg lewat²...Bisa mengakibatkan macet yang sangat parah dan mengakibatkan lingkungan tercemar.. Tolong masyarakat yang di sana jangan buang sampah sembarangan..Kasihan tercemar lingkungan dan org yg lewat,negatif
10/20/2021,Destriana Natalia,Berserakan dimana mana,netral
10/20/2021,Ilham,masih kurangnya pengelolaan sampah dan masih banyak masyarakat yg tidak sadar dengan membuang sampah bukan di tempat sampah,positif
10/20/2021,Muh. Halwi Ramadhan,Sangat prihatin dan kritis ,netral
10/20/2021,AHMAD RIFAI,Sampah di Makassar sangat lah tidak terkendali kan kalau saat musim hujan ,negatif
10/20/2021,Muh. Asdi Arfan,sessajki,netral
10/20/2021,Julianti Bawanan,"Menurut saya, warga makassar masih sangat minim akan kebersihan,sehingga sampah berceceran dimana mana",netral
10/20/2021,Elfina,"Penanganan sampah di Makassar menghadapi kritik tajam, terutama terkait kondisi Tempat Pembuangan Akhir (TPA) Antang yang over kapasitas. Walhi menilai Pemkot Makassar tidak memiliki strategi efektif untuk mengatasi masalah ini, sehingga volume sampah terus meningkat.",positif
10/20/2021,Maudi,komentar saya terkait sampah di makassar itu masih sangat banyak apa lagi dilihat dari beberapa pantai yang ada di makassar itu sampahnya masih sangat banyak berserakah dimana-mana ,netral
10/20/2021,Nita Tania Syam,Semoga dengan adanya aplikasi ini dapat mengurangi sampah di jalan,negatif
10/20/2021,Kurniawan,Begitu banyaknya yang berserakan,netral
10/20/2021,Samsudahan,Mantap Lanjut kan,positif
10/20/2021,Aldy Arisandhy,"perlunya gerakan dari pemerintah untuk menyediakan / menambah jumlah tempat pembuangan sampah, lalu mengedukasi masyarakat terkait pentingnya kesadaran membuang sampah sesuai tempatnya",positif
10/20/2021,Iko',Masih belum optimal pengolahan sampahnya,negatif
10/20/2021,Risky,Berserakan,netral
10/20/2021,Lisda,Pembuangan sampahnya tidak terkontrol. Kadang warga atau yang dekat dengan kos-kosan hanya membuang sampah di pinggir jalan ataupun pinggir got. Tentu sampah-sampah ini sangat mengganggu dan kurangnya kesadaran masyarakat untuk menjaga kebersihan sekitar,positif
10/20/2021,Ardiman,"Sebenarnya pemerintah sudah menghimbau kepada seluruh masyarakat jangan membuang sampah sembarangan baik di daerah makassar ataupun di daerah lain, akibat banyaknya sampah yang berserakan bisa bisa saluran air akan tersumbat dan terjadinya banjir, ujung ujungnya pemerintah yang di salahkan, padahal masyarakat sendiri yang kurang kesadaran.",negatif
10/20/2021,Salman ,Perlu di lakukan pembersihan terhadap lingkungan sekitar dan adanya pertisipasi dari pemerintah setempat ,positif
10/20/2021,Kurniawan Hamid,Sangat Buruk,negatif
10/20/2021,Arsy,"Masalah sampah di Makassar, seperti di banyak kota besar lainnya, memang cukup serius dan memerlukan perhatian lebih. Seperti yang diketahui, produksi sampah kota terus meningkat, tetapi infrastruktur dan sistem pengelolaan sampah sering kali belum memadai. Hal ini menyebabkan banyaknya timbunan sampah di jalanan, sungai, dan tempat umum, yang bisa berdampak buruk pada lingkungan dan kesehatan masyarakat.

",negatif
10/20/2021,Rika,"Menurut saya, masalah sampah di Makassar adalah isu yang mendesak dan memerlukan perhatian serta tindakan nyata dari semua pihak. Kota yang bersih adalah cerminan masyarakat yang peduli akan lingkungannya, namun saat ini masih terlihat bahwa kesadaran akan pentingnya menjaga kebersihan belum sepenuhnya diterapkan. Timbunan sampah di jalan, pasar, dan sungai menunjukkan masih ada tantangan besar dalam pengelolaan sampah.",positif
10/20/2021,Mutia,Masalah sampah di Makassar adalah isu krusial yang memerlukan perhatian dan tindakan cepat. Timbunan sampah yang terlihat di berbagai tempat menunjukkan bahwa sistem pengelolaan sampah di kota makassar masih memiliki banyak kekurangan. Kurangnya kesadaran masyarakat untuk membuang sampah pada tempatnya serta minimnya fasilitas pemilahan dan pengolahan sampah pada kondisi ini,negatif
10/20/2021,Risna,"Menurut saya, masalah sampah di Makassar menjadi tantangan besar yang berdampak langsung pada kualitas hidup masyarakat dan lingkungan. Timbunan sampah yang tidak terkelola dengan baik tidak hanya mencemari udara dan udara, tetapi juga memperburuk estetika kota. Beberapa lokasi seperti pasar, jalan utama, dan area publik lainnya masih sering terlihat dipenuhi sampah, yang menunjukkan adanya kendala dalam pengelolaan.",negatif
10/20/2021,Riska,"Permasalahan sampah di Makassar menunjukkan tantangan besar dalam pengelolaan lingkungan perkotaan. Timbunan sampah yang terlihat di berbagai sudut kota mencerminkan perlunya peningkatan infrastruktur dan juga kesadaran masyarakat. Kondisi ini dapat berdampak negatif pada lingkungan dan kesehatan, serta mengurangi kenyamanan dan estetika kota",positif
10/20/2021,Muhammad Alfian Abdullah,"Menurut pandangan saya, pengelolaan sampah di Makassar belum dapat dikatakan baik dikarenakan sosialisasi dalam mengelola sampah, baik dari organik maupun non-organik belum di optimalkan oleh pihak Dinas Kebersihan kota makassar. ",negatif
10/20/2021,Muhammad Fiqri Fajrullah,banyak,netral
10/20/2021,Andi Khozin Mubarak,"Semoga ada cara supaya sampah-sampah di TPU Antang itu bisa diolah kembali menjadi barang-barang keren dan disebar ke seluruh indonesia dan luar negeri, lumayan juga dananya bisa dipake bangun stadion internasional di makassar.",positif
10/20/2021,Rahmaniah,"Makassar menghadapi tantangan besar dalam pengelolaan sampah, terutama dengan meningkatnya jumlah penduduk dan aktivitas ekonomi yang semakin berkembang. Sampah yang tidak terkelola dengan baik dapat menyebabkan masalah lingkungan yang serius, seperti banjir, pencemaran air, dan kerusakan ekosistem.",negatif
10/20/2021,Rio Rachmat Alam,Hampir bisa ditemukan dimana-mana. Yang menjadi masalah besar adalah sampah-sampah yang sudah sangat menumpuk di saluran air yang menyebabkan kebanjiran di musim hujan.,negatif
10/20/2021,Muhammad ihsan,Mengerikan ,netral
10/20/2021,Saleh,Terkadang masih banyak masyarakat yang membuah sampah sembarangan terutama di lahan lahan kosong ,negatif
10/20/2021,Iyank,Semoga smpah bisa di olah dengan baik dan tidak menumpuk di TPA,netral
10/20/2021,Lorina,"Pendapat saya mengenai sampah di Makassar yaitu masih belum terealisasikan dengan baik di beberapa tempat yang saya lihat krna masih banyak biasanya sampah yg bertumpukan di satu spot dipinggir jalan atau di sebuah bangunan tanpa adanya tempat sampah yg disediakan, itu membuat keadaan sekitarnya terlihat kotor dan menjijikkan krna berbagai sampah yg ada (intinya kurangnya penyediaan tempat sampah atau bahkan kurangnya kesadaran oknum² sekitar menjaga kebersihan).Itu saja pendapat saya terimakasih.",negatif
10/20/2021,Julians Saputra,Perlu kesadaran masyarakat untuk tidak membuang sampah sembarangan dan juga perlu meningkatkan gaji tukang sampah,positif
10/20/2021,Nur,"Sampah di Makassar masih banyak berserakan, apalagi di pinggir jalan sama sungai. Orang-orang juga masih sering buang sampah sembarangan. ",negatif
10/20/2021,andi tenri aulia,sampahnya masi tidak terurus dan masi berserakan di mana-mana,netral
10/20/2021,Jasman Hasan,Darurat sampah,negatif
10/20/2021,MUHAMMAD ASWAR ,"Sampah yang dibiarkan berserakan di halaman akan mengundang kuman penyakit, membuat pemandangan nampak kotor, menyebabkan udara tidak segar. Demikian halnya dengan genangan air, jika dibiarkan bisa menjadi tempat nyamuk demam berdarah beranak pinak.",negatif
10/20/2021,Injun,"Sangatt banyak, sampah berserakan dimana mana karena kurangnya kesadaran penduduk tentang pentingnya kebersihan lingkungan, penduduk sering menjadikan lahan kosong sebagai tempat untuk membuang sampah tanpa memikirkan dampaknya bagi manusia, lingkungan dan sebagainya.",positif
10/20/2021,Hasriani Ayu,Sampah dan pengelolaannya di makassar masih menjadi masalah besar yang terjadi di masyarakat dimana masyarakat lebih memilih membuang sampah sembarang tempat tanpa memikirkan dampak dari perbuatannya tersebut yang sangat merugikan orang lain. TPA (tempat pembuangan akhir) yang ada di Makassar masih sangat kurang dan harus diperluas lagi areanya karena sampah yang di tampung setiap harinya bertambah sedangkan tempat yang disediakan semakin kecil dan sempit. Teknik pengolahan nya juga tidak jelas sehingga bau yang ditimbulkan sangat mengganggu aktivitas orang disekitar.,positif
10/20/2021,Ahmad A,"Sangat Buruk, karena sampah tidak bertumpuk begitu saja, dapat menimbulkan penyakit berbahaya.",negatif
10/20/2021,Rudi,Sampah terlambat diambil petugas kebersihan ,negatif
10/20/2021,Egiriyadi Asral ,"Masalah sampah di Makassar cukup kompleks dan masih menjadi tantangan besar. Jumlah penduduk yang tinggi dan kegiatan perkotaan yang padat, ditambah dengan kurangnya kesadaran masyarakat tentang pentingnya menjaga kebersihan lingkungan, berkontribusi terhadap tingginya produksi sampah di kota ini.

Salah satu aspek penting dalam mengatasi masalah ini adalah meningkatkan partisipasi masyarakat dalam pengelolaan sampah, misalnya melalui program daur ulang atau pemilahan sampah dari rumah tangga. Selain itu, pemerintah juga perlu memperkuat sistem pengelolaan sampah dengan menyediakan fasilitas yang memadai, seperti tempat pembuangan yang sesuai dan kendaraan pengangkut sampah yang efektif.

Selain itu, pendekatan berbasis edukasi juga bisa menjadi solusi jangka panjang. Edukasi tentang dampak sampah bagi lingkungan dan kesehatan, terutama kepada generasi muda, dapat mendorong kebiasaan yang lebih baik dalam jangka panjang.",positif
10/20/2021,Haril Gibran,Sangat buruk sampah2 tidak terkelola dengan baik. ,negatif
10/20/2021,Asdam Munawir,perlu penanganan serius dan perlu ada penyuluhan dari pemerintah kepada masyarakat tentang dampak membuang sampah sembarangan dan manfaat yang diperoleh masyarakat ketika membuang sampah pada tempatnya.,negatif
10/20/2021,Muh. Afdal Jaenuddin,"Mungkin saya tidak bisa berkata banyak berhubung saya tidak aktif bepergian ke tempat yang berbeda-beda. Namun berikut pendapat saya. Di sebagian besar tempat yang kulewati sudah baik dalam arti terjaga kebersihannya. Terutama di tempat yang sering dilewati atau dikunjungi orang berbeda yang banyak. Di tempat tertentu (yang pernah saya amati), yang biasanya hanya dilewati orang yang biasa melewatinya, tidak sebaik di tempat sebelumnya yang saya maksud, namun tidak begitu parah dan masih ada pengelola sampahnya, masih ada orang yang suka membersihkannya. Namun saya tidak pungkiri, bahwa di daerah yang minim perpindahan oleh manusia yang berbeda, memang masih tak jarang terlihat tikus. Sering terlihat kecoa. Ini tidak lain menandakan ada sampah yang membusuk, yang mungkin sudah berdiam lama. Di samping semua itu, secara spesifik, daerah Pampang menurutku paling perlu mendapat perhatian lebih dibandingkan sekian banyak daerah yang telah saya amati. Sekian
 ",positif
10/19/2021,Englin ,"Masyarakat harus mempunyai kesadaran akan dampak buruk membuang sampah sembarang, sampah di kota Makassar ini sudah sangat memprihatikan menurut sayaa . selain mengganggu mata, jugaa baunya sangat tidak nyaman di hidung dan kitaa semua pasti nya tau itu bisa mendatangkan banyak dampak buruk lainnya. kualitas udara dan lingkungan pun ikut tercemar ",negatif
10/19/2021,rahmi,"Sampah plastik masih mendominasi, tidak ada solusi yang efektif.",positif
10/19/2021,diaan,Semoga pemerintah bisa lebih konsisten dalam mengelola sampah kota.,positif
10/19/2021,naya,Semoga pemerintah bisa lebih konsisten dalam mengelola sampah kota.,positif
10/19/2021,yepy,"Saya senang karena sekarang ada bank sampah di sekitar lingkungan saya.
",positif
10/19/2021,yapee,Semoga ada peningkatan fasilitas pengelolaan sampah di lingkungan kami.,negatif
10/19/2021,julian,"Perlu ada regulasi yang jelas untuk pengurangan sampah plastik.
",negatif
10/19/2021,konan,"Masih banyak sampah yang berserakan di pinggir jalan, sangat mengganggu.
",netral
10/19/2021,sopo,"Program baru pengelolaan sampah ini cukup efektif.
",positif
10/19/2021,weki,"Program baru pengelolaan sampah ini cukup efektif.
",positif
10/19/2021,ndyy,"Masih perlu lebih banyak program lingkungan di berbagai wilayah.
",netral
10/19/2021,maria,"Perlu ada regulasi yang jelas untuk pengurangan sampah plastik.
",negatif
10/19/2021,rian,"Kerjasama warga dalam membersihkan lingkungan semakin kuat.
",positif
10/19/2021,yanto,"Harapannya pengelolaan sampah bisa lebih baik lagi.
",negatif
10/19/2021,farah,"Kesadaran masyarakat tentang sampah perlu terus disosialisasikan.
",positif
10/19/2021,noya,"Kesadaran masyarakat tentang sampah perlu terus disosialisasikan.
",positif
10/19/2021,merson,"Kerjasama warga dalam membersihkan lingkungan semakin kuat.
",positif
10/19/2021,yasini,"Kerjasama warga dalam membersihkan lingkungan semakin kuat.
",positif
10/19/2021,yepang,"Perlu ada regulasi yang jelas untuk pengurangan sampah plastik.
",negatif
10/19/2021,idwan,"Masalah sampah di sungai masih belum teratasi, perlu tindakan nyata.
",negatif
10/19/2021,aninyu,"Semoga pemerintah bisa lebih konsisten dalam mengelola sampah kota.
",positif
10/19/2021,ardana,"Kesadaran masyarakat masih rendah soal buang sampah sembarangan.
",positif
10/19/2021,miyal,"Semoga pemerintah bisa lebih konsisten dalam mengelola sampah kota.
",positif
10/19/2021,difacatri,"Program pengelolaan sampah di Makassar sudah bagus, sangat membantu.
",positif
10/19/2021,Ambo,Perlu kesadaran sihh. Dan tindakan pemerintah terkait ini,positif
10/19/2021,Fauzan,"Sampah banyak berserakan di Makassar , kayaknya kita butuh tim seperti pandawa untuk membantu membersihkan sampah di sekitaran Makassar ",positif
10/19/2021,Dea Rezky,"Masih sering terlihat berhamburan di pinggir jalan raya. Sebaiknya ada dibuatkan program olah sampah seperti yang ada di Banyumas. Dan juga disediakan bak sampah besar terutama di titik yang materialnya itu banyak, contoh; pasar",negatif
10/19/2021,Kurnia Rahayu,"Menurut saya sampah di Makassar masih kurang dalam cara pengelolaan yang baik, selain itu kurangnya kesadaran akan dampak pembuangan sampah sembarang disekitar lingkungan tempat tinggalnya ",negatif
10/19/2021,Nursida,Sampah adalah satu hal yang diatur dengan baik agar bermanfaat dan tidak mengakibatkan adanya kerugian bagi kita semua.,negatif
10/19/2021,Sulfiah Salsabila.H,Sangat mengganggu,netral
10/19/2021,hitam orangnya,"Bank sampah adalah langkah yang baik, namun perlu edukasi lanjutan.
",positif
10/19/2021,Kiki Dewi Reski,"Sampah di Makassar, seperti di banyak kota besar lainnya, memang menjadi isu penting yang perlu perhatian lebih. Masalah ini sering kali terkait dengan kurangnya kesadaran masyarakat dalam pengelolaan sampah serta infrastruktur pengelolaan sampah yang belum memadai. Meskipun pemerintah kota Makassar telah berusaha untuk mengatasi masalah ini melalui program pengelolaan sampah, masih banyak tantangan yang dihadapi, seperti sistem daur ulang yang belum optimal, serta tingginya volume sampah yang dihasilkan setiap hari.
Salah satu solusi yang perlu lebih diperhatikan adalah edukasi kepada masyarakat untuk memilah sampah sejak awal, meningkatkan fasilitas pengumpulan sampah, dan memperkuat kerja sama dengan sektor swasta dalam mengelola sampah organik dan non-organik. Selain itu, pemanfaatan teknologi untuk pengelolaan sampah dan pengembangan ruang terbuka hijau juga bisa menjadi langkah penting dalam menciptakan kota yang lebih bersih dan ramah lingkungan.
Secara keseluruhan, meskipun ada upaya yang telah dilakukan, pengelolaan sampah di Makassar masih membutuhkan komitmen jangka panjang dari semua pihak, baik pemerintah, masyarakat, dan sektor swasta.",negatif
10/19/2021,Lisawati Agriana ,"Menurut syaa, sampah di Makassar saat ini sangat ti ini banyak berserkan dipinggir jalan dan mengganggu aktivitas masyarakat karena baunya yang menyengat. ",negatif
10/19/2021,Abu Sofyan ,Sampai sekarang sampah dimakassar masih banyak yang bertumpuk di tepi jalan yang mengakibatkan bau tidak sedap bagi pengguna jalan,negatif
10/19/2021,M.ALFUH,"Masalah sampah di Makassar menjadi isu serius yang mempengaruhi kualitas lingkungan dan kehidupan warga kota. Volume sampah yang besar setiap harinya, ditambah kurangnya fasilitas pemrosesan sampah, sering membuat tumpukan sampah mengganggu di berbagai tempat. Ini berisiko mencemari udara, tanah, dan air serta mengganggu kesehatan masyarakat.",negatif
10/19/2021,Alwan Faiz,Sangat melimpah dan tidak terurus,positif
10/19/2021,MUH FAUZAN PUTRA,"Sangat Sampah di Makassar, seperti di banyak kota besar lainnya, menjadi masalah yang kompleks dan berkelanjutan. Beberapa faktor utama yang menyebabkannya antara lain pertumbuhan populasi yang pesat, kurangnya kesadaran masyarakat dalam pengelolaan sampah, dan keterbatasan infrastruktur pengolahan sampah yang memadai.

",negatif
10/19/2021,Aswan,Pendapat saya tentang sampah yang ada di makassar lumayan tidak parah cuman butuh pemahaman kepada masyarakat agar tidak membuang sampah sembarangan dan saya himbau kepada pemerintah agar dapat menyediakan tempat sampah yang lebih banyak lagi untuk mengurangi sampah yang berserakan.,negatif
10/19/2021,Ismawanti ,Ada tempat yg memang betul2 bersih tetapi masih banyak jg tempat2 yg masih kotor Mungkin karena masih banyak org2 yang sering buang sampah sembarangn akibatnya masih banyak sampah berserakan di tempat2 tertentu yang tentu saja bisa Jdi penyabab terjadinya banjir.,negatif
10/19/2021,Nurwinda Naing ,"Sampah sebagian yang berserakan di Makassar biasanya membuat kita tidak nyaman, maka dari itu kita semua harus peduli terhadap sampah yg berserakan ",netral
10/19/2021,Nuraifah,"Mungkin kita tau TPA Di antang Itu merupakan Tmpt pembungan akhir sampah kita,tetapi Masih banyak daerah daerah yang membuang sampah sembarangan Bahkan di pinggir jalan,aliran sungai, membuat sungai sebagian tercemar, Bau,dan masih bnyk lagi. Menurut saya Prlu kita sadari jangan lah membuang sampah sembarangan apalagi sampah Bnyk yang tidak mudah di daur ulang kembali.Harapan saya semoga kota makassar ini menjadi jauh lebih bersih lagi ke depan nya, menjaga kebersihan, Jadi tidak ada lagi Sampah yang berserakan di mana mana.",positif
10/19/2021,Nurul mahfira,"Pendapat saya terkait sampah di Makassar merupakan isu yang kompleks dan berdampak Luas dimana kurang nya kesadaran masyarakat yang belum terbiasa memilah sampah dan membuang sampah pada tempatnya. Kita sebagai masyarakat Makassar harus memiliki tanggung jawab bersama dengan kesadaran kita sebagai masyarakat dalam memilah sampah, kita dapat menciptakan lingkungan yang lebih bersih dan sehat ",negatif
10/19/2021,Laila Mustika,"Sampah dimakasar sebagian besar masih berserakan,, masyarakat belum tau mau dibuang kemana dan para pengambil sampah masih kurang sehingga sampah terkadang dibuang dipinggir jalan",netral
10/19/2021,Fitrianti,Kurangnya pemahaman tentang sampah membuat masyarakat sembarangan membuangnya. Terlebih lagi jika tidak ada yang membersihkan nya akan membuat nya semakin berserakan di jalan dan menyebabkan bau tidak sedap,negatif
10/19/2021,Mia Amelia,"Kurangnya kesadaran masyarakat makassar untuk tidak membuang sampah sembarangan, dan kurangnya penempatan tempat sampah pada setiap tempat dimakassar.",negatif
10/19/2021,Muh. Reski,"Harus dikelola, jangan sampai menumpuk seperti bukit",netral
10/19/2021,Nunung Ahrida,"Berserakan di mana mana karna tidak adanya kesadaran bagi warga makassar untuk membuang sampah pada tempatnya,yang mrngaakibatkan banyak sampah yang berserakan di jalan.",positif
10/19/2021,Andi Novia ,"Kurangnyaa masyarakat Akan Menjaga kebersihan sampahh, sehingga sering terjadi penumpukan sampah di jalanan",netral
10/19/2021,Nur Alisa Ainun ,"mencemari sungai dan menghambat proses air tanah, sampah juga dapat mencemari tanah dan menjadikannya tidak sehat.",positif
10/19/2021,Nurliana ,"Pendapat saya tentang sampah di Makassar semakin mendesak, dengan banyaknya penumpukan sampah yang mengganggu lingkungan dan kesehatan masyarakat. Kurangnya kesadaran masyarakat untuk membuang sampah pada tempatnya, serta keterbatasan infrastruktur pengelolaan, memperburuk situasi ini. Dibutuhkan kerja sama antara pemerintah dan warga untuk meningkatkan kesadaran, mengoptimalkan pengelolaan, dan menerapkan sistem daur ulang agar kota Makassar lebih bersih dan sehat.",positif
10/19/2021,Irna,Kurangnya kesadaran masyarakat akan pentingnya kebersihan sehingga membuat tumpakan sampah menjadi hal yg biasa di kota makassar ini ,positif
10/19/2021,Nur Alisa Ainun ,"Sampah yang berserakan di jalan dapat menyebabkan berbagai dampak negatif, seperti Merusak pemandangan, Menyebabkan bau yang tidak sedap, dan menyebabkan banjir.",negatif
10/19/2021,Janwir,Kurangnya Fasilitas dan ketidak efisienan penanganan sampah dan kurangnya kesadaran masyarakat akan kebersihan pingkungan,negatif
10/19/2021,Muammar qadafi,"Masalah persampahan di Kota Makassar sangat parah 
paling parahnya lagii TPA Antang yang berdiri sejak tahun sudah sangat lama mungkin dari tahun 90 an dengan luas 20,8 hektar sekarang sudah over kapasitas
dan parahnya pernh ada riset menyebutkan kondisi kritis TPA Tamangappa yang sangat kritis.
Pemerintah Provinsi Sulawesi Selatan pernah mengusulkan pembangunan TPA Regional Mamminasata, berlokasi di Kecamatan Pattalassang, Kabupaten Gowa. Namun hasilnya menunjukkan bahwa rencana ini terkendala sejumlah permasalahan dan belum jadi sampai sekarang dan semogaa kedepannya pengusulan TPA di Mamminasata  cepat di bangun.",negatif
10/19/2021,Irman adha putra,Rumit untuk di jelaskan ,negatif
10/19/2021,Anjelia lino' batu ,tidak heran jika Makassar sering terjadi banjir bahkan satu kali hujan deras sebagian tempat di kota Makassar langsung banjir karna disebabkan oleh sampah yg begitu banyak Karena pembuangan sampah pada sungai yang menyebabkan air meluap dan langsung masuk pada permukiman warga ,positif
10/19/2021,Kresensia Avila Dius,Pendapat saya tentang sampah di makassar yaitu kurangnya kesadaran masyarakat terkait kebersihan lingkungan. Dan juga masyarakat membuang sampah berserakan dan tidak bertanggung jawab padahal hal itu dapat memicu banyak penyakit yang bisa membahayakan nyawa manusia. Jadi menurut saya ada baiknya pemerintah setempat harus membuat masyarakat sadar akan hal ini setidaknya dengan adakan kegiatan bersih lingkungan. ,positif
10/19/2021,raharadja,"Program pengelolaan sampah di Makassar sudah bagus, sangat membantu.
",positif
10/19/2021,abi,"Program pengelolaan sampah di Makassar sudah bagus, sangat membantu.
",positif
10/19/2021,depa,"Program edukasi tentang pengurangan sampah plastik sangat bermanfaat.
",negatif
10/19/2021,yapri,"Program pengelolaan sampah di Makassar sudah bagus, sangat membantu.
",positif
10/19/2021,rafat,"Program pengelolaan sampah di Makassar sudah bagus, di RT saya sangat membantu.
",positif
10/19/2021,yulius,"Bank sampah adalah langkah yang baik, namun perlu edukasi lanjutan.
",positif
10/19/2021,santiva,"Masalah sampah di sungai masih belum teratasi, perlu tindakan nyata.
",negatif
10/19/2021,nasrul,"Masalah sampah di sungai masih belum teratasi, perlu tindakan nyata.
",negatif
10/19/2021,leon,"Program edukasi tentang pengurangan sampah plastik sangat bermanfaat.
",negatif
10/19/2021,ronal,"Program pengelolaan sampah di Makassar sudah bagus, sangat membantu.
",positif
10/19/2021,jawi,"Banyak tumpukan sampah yang tak diangkut berminggu-minggu.
",netral
10/19/2021,iang,"Program baru pengelolaan sampah ini cukup efektif.
",positif
10/19/2021,dian,"Sampah plastik masih mendominasi, tidak ada solusi yang efektif.
",positif
10/19/2021,dg nakir,"Tempat sampah sudah mulai banyak, ini sangat memudahkan masyarakat.
",positif
10/19/2021,yunus karbu,"Terlalu banyak sampah plastik yang tidak dikelola dengan baik.
",negatif
10/19/2021,jamal,"Tempat sampah kurang, jadi banyak orang buang sampah sembarangan.
",negatif
10/19/2021,fiank,"Pemerintah tidak serius menangani masalah sampah di kota ini.
",negatif
10/19/2021,aleh,"Sudah ada peningkatan dalam pengelolaan sampah di kota ini.
",negatif
10/19/2021,ayu,"Semoga ada peningkatan fasilitas pengelolaan sampah di lingkungan kami.
",negatif
10/19/2021,anita,"Pemerintah tidak serius menangani masalah sampah di kota ini.
",negatif
10/19/2021,alif,"Bank sampah adalah langkah yang baik, namun perlu edukasi lanjutan.
",positif
10/19/2021,alfian,"Saya senang karena sekarang ada bank sampah di sekitar lingkungan saya.
",positif
10/19/2021,dion,"Perlu ada regulasi yang jelas untuk pengurangan sampah plastik.
",negatif
10/19/2021,accasani,"Saya senang karena sekarang ada bank sampah di sekitar lingkungan saya.
",positif
10/19/2021,sartika,"Perlu lebih banyak program edukasi tentang daur ulang di masyarakat.
",netral
10/19/2021,kiki dewi,"Harapannya pengelolaan sampah bisa lebih baik lagi.
",negatif
10/19/2021,abdul ,"Program edukasi tentang pengurangan sampah plastik sangat bermanfaat.
",negatif
10/19/2021,dg nuki,,netral
10/19/2021,saripuddin,"Sosialisasi tentang daur ulang sampah perlu ditingkatkan.
",negatif
10/19/2021,sapar,"Perlu lebih banyak program edukasi tentang daur ulang di masyarakat.
",netral
10/19/2021,adi,"Banyak tumpukan sampah yang tak diangkut berminggu-minggu.
",netral
10/19/2021,ikhsan,"Saya senang karena sekarang ada bank sampah di sekitar lingkungan saya.
",positif
10/19/2021,sonii,"Semoga pemerintah bisa lebih konsisten dalam mengelola sampah kota.
",positif
10/19/2021,asrulah,"Kampanye pengelolaan sampah sangat bagus untuk masyarakat.
",positif
10/19/2021,couh,"Kesadaran masyarakat masih rendah soal buang sampah sembarangan.
",positif
10/19/2021,awan,"Tempat sampah kurang, jadi banyak orang buang sampah sembarangan.
",negatif
10/19/2021,ashari,"Tempat sampah kurang, jadi banyak orang buang sampah sembarangan.
",negatif
10/19/2021,datu deng pasewang,"Saya senang karena sekarang ada bank sampah di sekitar lingkungan saya.
",positif
10/19/2021,apri,"Banyak tumpukan sampah yang tak diangkut berminggu-minggu.
",netral
10/19/2021,eaka,"Sudah ada peningkatan dalam pengelolaan sampah di kota ini.
",negatif
10/19/2021,nawir,"Program pengelolaan sampah di Makassar sudah bagus, sangat membantu.
",positif
10/19/2021,ramliah,"Semoga ada peningkatan fasilitas pengelolaan sampah di lingkungan kami.
",negatif
10/19/2021,jumeda,"Pengelolaan sampah di Makassar masih bisa ditingkatkan lagi.
",negatif
10/19/2021,ati,"Pengelolaan sampah di Makassar masih bisa ditingkatkan lagi.
",negatif
10/19/2021,siah,"Masih banyak sampah yang berserakan di pinggir jalan, sangat mengganggu.
",netral
10/19/2021,normah,"Harapannya pengelolaan sampah bisa lebih baik lagi di daerah saya
",negatif
10/19/2021,hawani,"Pengelolaan sampah di Makassar masih bisa ditingkatkan lagi.
",negatif
10/19/2021,nureini,"Tempat sampah kurang, jadi banyak orang buang sampah sembarangan.
",negatif
10/19/2021,anggi,"Terlalu banyak sampah plastik yang tidak dikelola dengan baik.
",negatif
10/19/2021,jefli,"Pemerintah tidak serius menangani masalah sampah di kota ini.
",negatif
10/19/2021,asmi,"Kampanye pengelolaan sampah sangat bagus untuk masyarakat.
",positif
10/19/2021,ardiansyah,"Sosialisasi tentang daur ulang sampah perlu ditingkatkan.
",negatif
10/19/2021,yusuf,"Banyak tumpukan sampah yang tak diangkut berminggu-minggu.
",netral
10/19/2021,ilmi,"Kampanye pengelolaan sampah sangat bagus untuk masyarakat.
",positif
10/19/2021,ippang,"Kampanye pengelolaan sampah sangat bagus untuk masyarakat.
",positif
10/19/2021,johanes,"Semoga pemerintah bisa lebih konsisten dalam mengelola sampah kota.
",positif
10/19/2021,natalia,"Masalah sampah di sungai masih belum teratasi, perlu tindakan nyata.
",negatif
10/19/2021,harman,"Semoga pemerintah bisa lebih konsisten dalam mengelola sampah kota.
",positif
10/19/2021,yunus,"Kerjasama warga dalam membersihkan lingkungan semakin kuat.
",positif
10/19/2021,hisana,"Program baru pengelolaan sampah ini cukup efektif.
",positif
10/19/2021,Yusri mahendra,Di lingkungan tempat saya sampah cukup banyak tetapi masih terkendali dengan adanya petugas pengankut sampah,negatif
10/19/2021,agung,"Sudah ada peningkatan dalam pengelolaan sampah di kota ini.
",negatif
10/19/2021,selendra,"Tidak ada perubahan dalam pengelolaan sampah, tetap saja bermasalah.
",negatif
10/19/2021,asep,"Masih perlu lebih banyak program lingkungan di berbagai wilayah.
",netral
10/19/2021,julius,"Proses pengangkutan sampah sering terlambat, bikin bau tidak sedap.
",positif
10/19/2021,byansah,"Perlu lebih banyak program edukasi tentang daur ulang di masyarakat.
",netral
10/19/2021,asrul,"Tempat sampah sudah mulai banyak, ini sangat memudahkan masyarakat.
",positif
10/19/2021,erik,"Perlu ada regulasi yang jelas untuk pengurangan sampah plastik.
",negatif
10/19/2021,prayudi,"Tempat sampah sudah mulai banyak, ini sangat memudahkan masyarakat.
",positif
10/19/2021,jeppung,"Tempat sampah sudah mulai banyak, ini sangat memudahkan masyarakat.
",positif
10/19/2021,syawal,"Terlalu banyak sampah plastik yang tidak dikelola dengan baik.
",negatif
10/19/2021,karisa,"Sudah ada peningkatan dalam pengelolaan sampah di kota ini.
",negatif
10/19/2021,yones,"Proses pengangkutan sampah sering terlambat, bikin bau tidak sedap.
",positif
10/19/2021,sembilu,"Tempat sampah kurang, jadi banyak orang buang sampah sembarangan.
",negatif
10/19/2021,sahabrina,"Harapannya pengelolaan sampah bisa lebih baik lagi.
",negatif
10/19/2021,alvian,"Sudah ada peningkatan dalam pengelolaan sampah di kota ini.
",negatif
10/19/2021,citra,"Banyak tumpukan sampah yang tak diangkut berminggu-minggu.
",netral
10/19/2021,rajamuddin,"Kampanye pengelolaan sampah sangat bagus untuk masyarakat.
",positif
10/19/2021,saraddin,"Kampanye pengelolaan sampah sangat bagus untuk masyarakat.
",positif
10/19/2021,nasaruddin,"Kampanye pengelolaan sampah sangat bagus untuk masyarakat.
",positif
10/19/2021,afanndi,"Banyak tumpukan sampah yang tak diangkut berminggu-minggu.
",netral
10/19/2021,rijal,"Perlu ada regulasi yang jelas untuk pengurangan sampah plastik.
",negatif
10/19/2021,aswar,"Harapannya pengelolaan sampah bisa lebih baik lagi.
",negatif
10/19/2021,sulfiani,"Banyak tumpukan sampah yang tak diangkut berminggu-minggu.
",netral
10/19/2021,tiwi,"Proses pengangkutan sampah sering terlambat, bikin bau tidak sedap.
",positif
10/19/2021,m.aswar,"Kesadaran masyarakat masih rendah soal buang sampah sembarangan.
",positif
10/19/2021,doni,"Harapannya pengelolaan sampah bisa lebih baik lagi.
",negatif
10/19/2021,awi,"Pengurangan sampah plastik mulai terlihat hasilnya.
",negatif
10/19/2021,deaananda,"Masalah sampah di sungai masih belum teratasi, perlu tindakan nyata.
",negatif
10/19/2021,ocang,"Terlalu banyak sampah plastik yang tidak dikelola dengan baik.
",negatif
10/19/2021,babuh,"Pengelolaan sampah di Makassar masih bisa ditingkatkan lagi.
",negatif
10/19/2021,rani,"Masalah sampah di sungai masih belum teratasi, perlu tindakan nyata.
",negatif
10/19/2021,benteng,"Pemerintah tidak serius menangani masalah sampah di kota ini.
",negatif
10/19/2021,aksata,"Pengurangan sampah plastik mulai terlihat hasilnya.
",negatif
10/19/2021,acce,"Harapannya pengelolaan sampah bisa lebih baik lagi.
",negatif
10/19/2021,nasir,"Harapannya pengelolaan sampah bisa lebih baik lagi.
",negatif
10/19/2021,muhsyadik.spd,"Program pengelolaan sampah di Makassar sudah bagus, sangat membantu.
",positif
10/19/2021,reigo,"Dengan adanya bank sampah, kami merasa lebih terdorong untuk menjaga lingkungan.
",negatif
10/19/2021,nasri,"Tempat sampah kurang, jadi banyak orang buang sampah sembarangan.
",negatif
10/19/2021,ahamad,"Tempat sampah kurang, jadi banyak orang buang sampah sembarangan.
",negatif
10/19/2021,salahuddin,"Harapannya pengelolaan sampah bisa lebih baik lagi.
",negatif
10/19/2021,ega,"Perlu ada regulasi yang jelas untuk pengurangan sampah plastik.
",negatif
10/19/2021,marwah,"Kerjasama warga dalam membersihkan lingkungan semakin kuat.
",positif
10/19/2021,fikram,"Kesadaran masyarakat masih rendah soal buang sampah sembarangan.
",positif
10/19/2021,nengsi,"Semoga pemerintah bisa lebih konsisten dalam mengelola sampah kota.
",positif
10/19/2021,altur,"Kesadaran masyarakat tentang sampah perlu terus disosialisasikan.
",positif
10/19/2021,tumbur,"Kerjasama warga dalam membersihkan lingkungan semakin kuat.
",positif
10/19/2021,yoanes,"Tempat sampah sudah mulai banyak, ini sangat memudahkan masyarakat.
",positif
10/19/2021,loyer,"Perlu lebih banyak program edukasi tentang daur ulang di masyarakat.
",netral
10/19/2021,selah,"Masih banyak sampah yang berserakan di pinggir jalan, sangat mengganggu.
",netral
10/19/2021,dg tojeng,"Tempat sampah kurang, jadi banyak orang buang sampah sembarangan.
",negatif
10/19/2021,gd kulle,"Masalah sampah di sungai masih belum teratasi, perlu tindakan nyata.
",negatif
10/19/2021,arifuddin,"Program baru pengelolaan sampah ini cukup efektif.
",positif
10/19/2021,sarfan,"Tempat sampah kurang, jadi banyak orang buang sampah sembarangan.
",negatif
10/19/2021,alfian,"Sosialisasi tentang daur ulang sampah perlu ditingkatkan.
",negatif
10/19/2021,aswin,"Semoga ada peningkatan fasilitas pengelolaan sampah di lingkungan kami.
",negatif
10/19/2021,selembur,"Semoga ada peningkatan fasilitas pengelolaan sampah di lingkungan kami.
",negatif
10/19/2021,narto,"Kesadaran masyarakat tentang sampah perlu terus disosialisasikan.
",positif
10/19/2021,ashabul,"Program baru pengelolaan sampah ini cukup efektif.
",positif
10/19/2021,aliafa,"Pengelolaan sampah di Makassar masih bisa ditingkatkan lagi.
",negatif
10/19/2021,afifa,"Harapannya pengelolaan sampah bisa lebih baik lagi.
",negatif
10/19/2021,broto,"Pengurangan sampah plastik mulai terlihat hasilnya.
",negatif
10/19/2021,suprax,"Tidak ada perubahan dalam pengelolaan sampah, tetap saja bermasalah.
",negatif
10/19/2021,aristiawan,"Semoga pemerintah bisa lebih konsisten dalam mengelola sampah kota.
",positif
10/19/2021,juber,"Masih banyak sampah yang berserakan di pinggir jalan, sangat mengganggu.
",netral
10/19/2021,roi sh,"Proses pengangkutan sampah sering terlambat, bikin bau tidak sedap.
",positif
10/19/2021,danu,"Tempat sampah kurang, jadi banyak orang buang sampah sembarangan.
",negatif
10/19/2021,sulya,"Sampah plastik masih mendominasi, tidak ada solusi yang efektif.
",positif
10/19/2021,yape,"Kesadaran masyarakat masih rendah soal buang sampah sembarangan.
",positif
10/19/2021,deng jarre,"Kampanye pengelolaan sampah sangat bagus untuk masyarakat.
",positif
10/19/2021,dewi,"Masalah sampah di sungai masih belum teratasi, perlu tindakan nyata.
",negatif
10/19/2021,puddin,"Program edukasi tentang pengurangan sampah plastik sangat bermanfaat.
",negatif
10/19/2021,nasir,"Tidak ada perubahan dalam pengelolaan sampah, tetap saja bermasalah.
",negatif
10/19/2021,awinnn,"Masalah sampah di sungai masih belum teratasi, perlu tindakan nyata.
",negatif
10/19/2021,alian,"Perlu ada regulasi yang jelas untuk pengurangan sampah plastik.

",negatif
10/19/2021,idan,"Masih banyak sampah yang berserakan di pinggir jalan, sangat mengganggu.

",netral
10/19/2021,yanira,"Saya senang karena sekarang ada bank sampah di sekitar lingkungan saya.
",positif
10/19/2021,revi,"Semoga ada peningkatan fasilitas pengelolaan sampah di lingkungan kami.
",negatif
10/19/2021,asrian,"Bank sampah adalah langkah yang baik, namun perlu edukasi lanjutan.
",positif
10/19/2021,dialin,"Kesadaran masyarakat masih rendah soal buang sampah sembarangan.
",positif
10/19/2021,reiil,"Pemerintah tidak serius menangani masalah sampah di kota ini.
",negatif
10/19/2021,ashabuil,"Masih perlu lebih banyak program lingkungan di berbagai wilayah.
",netral
10/19/2021,astri,"Kesadaran masyarakat masih rendah soal buang sampah sembarangan.
",positif
10/19/2021,echin,"Saya senang karena sekarang ada bank sampah di sekitar lingkungan saya.
",positif
10/19/2021,awik,"Sampah plastik masih mendominasi, tidak ada solusi yang efektif.
",positif
10/19/2021,qurani,"Kesadaran masyarakat tentang sampah perlu terus disosialisasikan.
",positif
10/19/2021,asril,"Terlalu banyak sampah plastik yang tidak dikelola dengan baik.
",negatif
10/19/2021,peler,"Saya senang karena sekarang ada bank sampah di sekitar lingkungan saya.
",positif
10/19/2021,wapos,"Saya senang karena sekarang ada bank sampah di sekitar lingkungan saya.
",positif
10/19/2021,alian,"Kesadaran masyarakat tentang sampah perlu terus disosialisasikan.
",positif
10/19/2021,novi,"Bank sampah adalah langkah yang baik, namun perlu edukasi lanjutan.
",positif
10/19/2021,dyraa,"Perlu lebih banyak program edukasi tentang daur ulang di masyarakat.
",netral
10/19/2021,erikaa,"Bank sampah adalah langkah yang baik, namun perlu edukasi lanjutan.
",positif
10/19/2021,erika,"Program edukasi tentang pengurangan sampah plastik sangat bermanfaat.
",negatif
10/19/2021,sail,"Harapannya pengelolaan sampah bisa lebih baik lagi.
",negatif
10/19/2021,puja,"Banyak tumpukan sampah yang tak diangkut berminggu-minggu.
",netral
10/19/2021,yhucan,"Kesadaran masyarakat tentang sampah perlu terus disosialisasikan.
",positif
10/19/2021,priya,"Sampah plastik masih mendominasi, tidak ada solusi yang efektif.
",positif
10/19/2021,cici,"Perlu lebih banyak program edukasi tentang daur ulang di masyarakat.
",netral
10/19/2021,yoayenes,"Bank sampah adalah langkah yang baik, namun perlu edukasi lanjutan.
",positif
10/19/2021,yedi,"Program edukasi tentang pengurangan sampah plastik sangat bermanfaat.
",negatif
10/19/2021,jelajah,"Program edukasi tentang pengurangan sampah plastik sangat bermanfaat.
",negatif
10/19/2021,gita,"Kesadaran masyarakat masih rendah soal buang sampah sembarangan.
",positif
10/19/2021,yapel,"Harapannya pengelolaan sampah bisa lebih baik lagi.
",negatif
10/19/2021,nitalia,"Program pengelolaan sampah di Makassar sudah bagus, sangat membantu.
",positif
10/19/2021,repina,"Program pengelolaan sampah di Makassar sudah bagus, sangat membantu.
",positif
10/19/2021,nawirasya,"Semoga ada peningkatan fasilitas pengelolaan sampah di lingkungan kami.
",negatif
10/19/2021,caca,"Perlu lebih banyak program edukasi tentang daur ulang di masyarakat.
",netral
10/19/2021,acoo,"Perlu lebih banyak program edukasi tentang daur ulang di masyarakat.
",netral
10/19/2021,ellma,"Semoga pemerintah bisa lebih konsisten dalam mengelola sampah kota.
",positif
10/19/2021,lanteli,"Kesadaran masyarakat tentang sampah perlu terus disosialisasikan.
",positif
10/19/2021,awalil,"Sosialisasi tentang daur ulang sampah perlu ditingkatkan.
",negatif
10/19/2021,kataya,"Pemerintah tidak serius menangani masalah sampah di kota ini.
",negatif
10/19/2021,mekmeke,"Saya senang karena sekarang ada bank sampah di sekitar lingkungan saya.
",positif
10/19/2021,yoni,"Kesadaran masyarakat masih rendah soal buang sampah sembarangan.
",positif
10/19/2021,lilia,"Program edukasi tentang pengurangan sampah plastik sangat bermanfaat.
",negatif
10/19/2021,sarti,"Semoga ada peningkatan fasilitas pengelolaan sampah di lingkungan kami.
",negatif
10/19/2021,asrul,"Pengurangan sampah plastik mulai terlihat hasilnya.
",negatif
10/19/2021,ratna,"Pengurangan sampah plastik mulai terlihat hasilnya.
",negatif
10/18/2021,meleea,"Harapannya pengelolaan sampah bisa lebih baik lagi.
",negatif
10/18/2021,kodir,"Semoga pemerintah bisa lebih konsisten dalam mengelola sampah kota.
",positif
10/18/2021,sulya,"Harapannya pengelolaan sampah bisa lebih baik lagi.
",negatif
10/18/2021,suhria,"Saya senang karena sekarang ada bank sampah di sekitar lingkungan saya.
",positif
10/18/2021,ela,"Masih banyak sampah yang berserakan di pinggir jalan, sangat mengganggu.
",netral
10/18/2021,tiana,"Proses pengangkutan sampah sering terlambat, bikin bau tidak sedap.
",positif
10/18/2021,dilia,"Sudah ada peningkatan dalam pengelolaan sampah di kota ini.
",negatif
10/18/2021,azimah,"Tidak ada perubahan dalam pengelolaan sampah, tetap saja bermasalah.
",negatif
10/18/2021,apizah,"Sosialisasi tentang daur ulang sampah perlu ditingkatkan.
",negatif
10/18/2021,yepil,"Tidak ada perubahan dalam pengelolaan sampah, tetap saja bermasalah.
",negatif
10/18/2021,yorolnas,"Pengurangan sampah plastik mulai terlihat hasilnya.
",negatif
10/18/2021,naysha,"Masih banyak sampah yang berserakan di pinggir jalan, sangat mengganggu.
",netral
10/18/2021,ardilah,"Kampanye pengelolaan sampah sangat bagus untuk masyarakat.
",positif
10/18/2021,iliyantii,"Perlu lebih banyak program edukasi tentang daur ulang di masyarakat.
",netral
10/18/2021,fajaer,"Bank sampah adalah langkah yang baik, namun perlu edukasi lanjutan.
",positif
10/18/2021,delaria,"Semoga ada peningkatan fasilitas pengelolaan sampah di lingkungan kami.
",negatif
10/18/2021,aljaya,"Sudah ada peningkatan dalam pengelolaan sampah di kota ini.
",negatif
10/18/2021,nelia,"Semoga ada peningkatan fasilitas pengelolaan sampah di lingkungan kami.
",negatif
10/18/2021,nofa,"Saya senang karena sekarang ada bank sampah di sekitar lingkungan saya.
",positif
10/18/2021,leyena,"Program pengelolaan sampah di Makassar sudah bagus, sangat membantu.
",positif
10/18/2021,nasyuton,"Tempat sampah kurang, jadi banyak orang buang sampah sembarangan.
",negatif
10/18/2021,jayadi,"Harapannya pengelolaan sampah bisa lebih baik lagi.
",negatif
10/18/2021,ahmed,"Perlu ada regulasi yang jelas untuk pengurangan sampah plastik.
",negatif
10/18/2021,yolasi,"Proses pengangkutan sampah sering terlambat, bikin bau tidak sedap.
",positif
10/18/2021,rini,"Proses pengangkutan sampah sering terlambat, bikin bau tidak sedap.
",positif
10/18/2021,lisa,"Proses pengangkutan sampah sering terlambat, bikin bau tidak sedap.
",positif
10/18/2021,hesti,"Kerjasama warga dalam membersihkan lingkungan semakin kuat.
",positif
10/18/2021,noyan,"Semoga pemerintah bisa lebih konsisten dalam mengelola sampah kota.
",positif
10/18/2021,layuda,"Program baru pengelolaan sampah ini cukup efektif.
",positif
10/18/2021,bela,"Program baru pengelolaan sampah ini cukup efektif.
",positif
10/18/2021,nela,"Kerjasama warga dalam membersihkan lingkungan semakin kuat.
",positif
10/18/2021,royani,"Tempat sampah sudah mulai banyak, ini sangat memudahkan masyarakat.
",positif
10/18/2021,Innong," Menurut saya sampah di makassar masih sangat memprihatinkan terutama  di pasar, diselokan dan dikanal. Masyarakat tidak peduli akan dampak yang akan terjadi jika membuang sampah bukan pada tempatnya. Pemerintah seharusnya lebih peduli lagi dengan lingkungan kota makassar yang masih jauh dari kata bersih dari sampah. ",positif
10/18/2021,ramah,"Semoga pemerintah bisa lebih konsisten dalam mengelola sampah kota.
",positif
10/18/2021,saprah,"Semoga ada peningkatan fasilitas pengelolaan sampah di lingkungan kami.
",negatif
10/18/2021,aryadi,"Sosialisasi tentang daur ulang sampah perlu ditingkatkan.
",negatif
10/18/2021,aspri,"Program baru pengelolaan sampah ini cukup efektif.
",positif
10/18/2021,"aryadiProses pengangkutan sampah sering terlambat, bikin bau tidak sedap.","Proses pengangkutan sampah sering terlambat, bikin bau tidak sedap.
",positif
10/18/2021,putra,"Masalah sampah di sungai masih belum teratasi, perlu tindakan nyata.
",negatif
10/18/2021,yonas,"Kerjasama warga dalam membersihkan lingkungan semakin kuat.
",positif
10/18/2021,nuliati,"Masih banyak sampah yang berserakan di pinggir jalan, sangat mengganggu.
",netral
10/18/2021,ardiyansyah,"Bank sampah adalah langkah yang baik, namun perlu edukasi lanjutan.
",positif
10/18/2021,nayaa,"Pemerintah tidak serius menangani masalah sampah di kota ini.
",negatif
10/18/2021,asrianti,"Kesadaran masyarakat tentang sampah perlu terus disosialisasikan.
",positif
10/18/2021,ardianti,"Dengan adanya bank sampah, kami merasa lebih terdorong untuk menjaga lingkungan.
",negatif
10/18/2021,ardianto,"Program pengelolaan sampah di Makassar sudah bagus, sangat membantu.
",positif
10/18/2021,astriani,"Program edukasi tentang pengurangan sampah plastik sangat bermanfaat.
",negatif
10/18/2021,suratman,"Program edukasi tentang pengurangan sampah plastik sangat bermanfaat.
",negatif
10/18/2021,elvira,"Bank sampah adalah langkah yang baik, namun perlu edukasi lanjutan.
",positif
10/18/2021,wardani,"Perlu ada regulasi yang jelas untuk pengurangan sampah plastik.
",negatif
10/18/2021,sarina,"Banyak tumpukan sampah yang tak diangkut berminggu-minggu.
",netral
10/18/2021,artina,"Sampah plastik masih mendominasi, tidak ada solusi yang efektif.
",positif
10/18/2021,pusarthi,"Sampah plastik masih mendominasi, tidak ada solusi yang efektif.
",positif
10/18/2021,alexana,"Kesadaran masyarakat tentang sampah perlu terus disosialisasikan.
",positif
10/18/2021,jafar,"Banyak tumpukan sampah yang tak diangkut berminggu-minggu.
",netral
10/18/2021,anita S,"Masih banyak sampah yang berserakan di pinggir jalan, sangat mengganggu.
",netral
10/18/2021,zanih,"Pemerintah tidak serius menangani masalah sampah di kota ini.
",negatif
10/18/2021,ditana,"Tempat sampah kurang, jadi banyak orang buang sampah sembarangan.
",negatif
10/17/2021,hartono,"Masih perlu lebih banyak program lingkungan di berbagai wilayah.
",netral
10/17/2021,kuswanto,"Kesadaran masyarakat masih rendah soal buang sampah sembarangan.
",positif
10/17/2021,dayak,"Sosialisasi tentang daur ulang sampah perlu ditingkatkan.
",negatif
10/17/2021,afni safutri,"Bank sampah adalah langkah yang baik, namun perlu edukasi lanjutan.
",positif
10/17/2021,lalah,"Semoga pemerintah bisa lebih konsisten dalam mengelola sampah kota.
",positif
10/17/2021,samsiah,"Proses pengangkutan sampah sering terlambat, bikin bau tidak sedap.
",positif
10/17/2021,kuswantoh,"Semoga ada peningkatan fasilitas pengelolaan sampah di lingkungan kami.
",negatif
10/17/2021,alfiana,"Semoga ada peningkatan fasilitas pengelolaan sampah di lingkungan kami.
",negatif
10/17/2021,admil,"Program pengelolaan sampah di Makassar sudah bagus, sangat membantu.
",positif
10/17/2021,donal,"Dengan adanya bank sampah, kami merasa lebih terdorong untuk menjaga lingkungan.
",negatif
10/17/2021,muhammad,"Perlu ada regulasi yang jelas untuk pengurangan sampah plastik.
",negatif
10/17/2021,adam,"Tidak ada perubahan dalam pengelolaan sampah, tetap saja bermasalah.
",negatif
10/17/2021,sena,"Saya senang karena sekarang ada bank sampah di sekitar lingkungan saya.
",positif
10/17/2021,ditana,"Saya senang karena sekarang ada bank sampah di sekitar lingkungan saya.
",positif
10/17/2021,estus,"Proses pengangkutan sampah sering terlambat, bikin bau tidak sedap.
",positif
10/17/2021,daeng,"Kerjasama warga dalam membersihkan lingkungan semakin kuat.
",positif
10/17/2021,andi basok,"Dengan adanya bank sampah, kami merasa lebih terdorong untuk menjaga lingkungan.
",negatif
10/17/2021,tenri,"Kampanye pengelolaan sampah sangat bagus untuk masyarakat.
",positif
10/17/2021,erahnae,"Kampanye pengelolaan sampah sangat bagus untuk masyarakat.
",positif
10/17/2021,ikbal,"Masalah sampah di sungai masih belum teratasi, perlu tindakan nyata.
",negatif
10/17/2021,putra,"Proses pengangkutan sampah sering terlambat, bikin bau tidak sedap.
",positif
10/17/2021,asrianti qurnayati,"Banyak tumpukan sampah yang tak diangkut berminggu-minggu.
",netral
10/17/2021,fianii,"Kampanye pengelolaan sampah sangat bagus untuk masyarakat.
",positif
10/17/2021,muytari,"Harapannya pengelolaan sampah bisa lebih baik lagi.
",negatif
10/17/2021,darimu,"Program edukasi tentang pengurangan sampah plastik sangat bermanfaat.
",negatif
10/17/2021,shela,"Harapannya pengelolaan sampah bisa lebih baik lagi.
",negatif
10/17/2021,soni,"Sosialisasi tentang daur ulang sampah perlu ditingkatkan.
",negatif
10/17/2021,davela,"Pengurangan sampah plastik mulai terlihat hasilnya.
",negatif
10/17/2021,asrir,"Harapannya pengelolaan sampah bisa lebih baik lagi.
",negatif
10/17/2021,natalia sabri,"Sudah ada peningkatan dalam pengelolaan sampah di kota ini.
",negatif
10/17/2021,aswari,"Semoga ada peningkatan fasilitas pengelolaan sampah di lingkungan kami.
",negatif
10/17/2021,asjannatu,"Saya senang karena sekarang ada bank sampah di sekitar lingkungan saya.
",positif
10/17/2021,ardanu ,"Bank sampah adalah langkah yang baik, namun perlu edukasi lanjutan.
",positif
10/17/2021,alvian,"Masih perlu lebih banyak program lingkungan di berbagai wilayah.
",netral
10/17/2021,irmaht,"Kesadaran masyarakat tentang sampah perlu terus disosialisasikan.
",positif
10/17/2021,aswatul janna,"Kesadaran masyarakat tentang sampah perlu terus disosialisasikan.
",positif
10/17/2021,umar,"Tidak ada perubahan dalam pengelolaan sampah, tetap saja bermasalah.
",negatif
10/17/2021,fauzan,"Kesadaran masyarakat tentang sampah perlu terus disosialisasikan.
",positif
10/17/2021,reski,"Kerjasama warga dalam membersihkan lingkungan semakin kuat.
",positif
10/17/2021,ananda,"Pemerintah tidak serius menangani masalah sampah di kota ini.
",negatif
10/17/2021,daeng ungkir,Kerjasama warga dalam membersihkan lingkungan semakin kuat jika di pandu oleh ketua RT,positif
10/17/2021,wibowo,"Program baru pengelolaan sampah ini cukup efektif.
",positif
10/17/2021,aswatul jannah,"Program edukasi tentang pengurangan sampah plastik sangat bermanfaat.
",negatif
10/17/2021,ojeng,"Tempat sampah sudah mulai banyak, ini sangat memudahkan masyarakat.
",positif
10/17/2021,diki,"Kampanye pengelolaan sampah sangat bagus untuk masyarakat.
",positif
10/17/2021,nawjaatul hikmah,"Masih perlu lebih banyak program lingkungan di berbagai wilayah.
",netral
10/16/2021,rika,"Masih perlu lebih banyak program lingkungan di berbagai wilayah.
",netral
10/16/2021,nuramah,"Pemerintah tidak serius menangani masalah sampah di kota ini.
",negatif
10/16/2021,faridah,"Kesadaran masyarakat masih rendah soal buang sampah sembarangan.
",positif
10/16/2021,naksir,"Kesadaran masyarakat masih rendah soal buang sampah sembarangan.
",positif
10/16/2021,tobasu,"Tidak ada perubahan dalam pengelolaan sampah, tetap saja bermasalah.
",negatif
10/16/2021,lilia,"Kerjasama warga dalam membersihkan lingkungan semakin kuat.
",positif
10/16/2021,verdianti,"Perlu lebih banyak program edukasi tentang daur ulang di masyarakat.
",netral
10/16/2021,nealia,"Perlu ada regulasi yang jelas untuk pengurangan sampah plastik.
",negatif
10/16/2021,saleh,"Harapannya pengelolaan sampah bisa lebih baik lagi.
",negatif
10/16/2021,rusdianti,"Proses pengangkutan sampah sering terlambat, bikin bau tidak sedap.
",positif
10/16/2021,salsabialh,"Sampah plastik masih mendominasi, tidak ada solusi yang efektif.
",positif
10/16/2021,dianti,"Masalah sampah di sungai masih belum teratasi, perlu tindakan nyata.
",negatif
10/16/2021,nevatul,"Semoga ada peningkatan fasilitas pengelolaan sampah di lingkungan kami.
",negatif
10/16/2021,cintaa,"Perlu ada regulasi yang jelas untuk pengurangan sampah plastik.
",negatif
10/16/2021,cindy,"Masalah sampah di sungai masih belum teratasi, perlu tindakan nyata.
",negatif
10/16/2021,muhammad supri,"Banyak tumpukan sampah yang tak diangkut berminggu-minggu.
",netral
10/16/2021,ipaa,"Banyak tumpukan sampah yang tak diangkut berminggu-minggu.
",netral
10/16/2021,sabrina,"Pengelolaan sampah di Makassar masih bisa ditingkatkan lagi.
",negatif
10/16/2021,nabial,"Sosialisasi tentang daur ulang sampah perlu ditingkatkan.
",negatif
10/16/2021,juliy,"Dengan adanya bank sampah, kami merasa lebih terdorong untuk menjaga lingkungan.
",negatif
10/16/2021,eddii,"Sosialisasi tentang daur ulang sampah perlu ditingkatkan.
",negatif
10/16/2021,kurniawan santoso,"Semoga pemerintah bisa lebih konsisten dalam mengelola sampah kota.
",positif
10/16/2021,yahanes,"Program edukasi tentang pengurangan sampah plastik sangat bermanfaat.
",negatif
10/16/2021,andri ,"Perlu lebih banyak program edukasi tentang daur ulang di masyarakat.
",netral
10/16/2021,yudah,"Masih perlu lebih banyak program lingkungan di berbagai wilayah.
",netral
10/16/2021,ardah,"Pengelolaan sampah di Makassar masih bisa ditingkatkan lagi.
",negatif
10/16/2021,dangka,"Kesadaran masyarakat tentang sampah perlu terus disosialisasikan.
",positif
10/16/2021,netari,"Perlu lebih banyak program edukasi tentang daur ulang di masyarakat.
",netral
10/16/2021,sari,"tempat sampah di sekitar pasar kurang, jadi sampah sering menumpuk dan bau",netral
10/16/2021,budiono,"Senang sekali ada bank sampah, kita bisa bantu kurangi sampah plastik",positif
10/16/2021,ratna,"Di beberapa tempat sudah bersih, tapi masih ada warga yang buang sampah sembarangan",positif
10/16/2021,indah,Sampah di kanal bau sekali dan belum juga dibersihkan,positif
10/16/2021,wahyu,"Kalau kita semua jaga kebersihan, pasti Makassar jadi lebih nyaman",positif
10/16/2021,iana,"Masih sering lihat sampah di jalan, padahal sudah ada tempat sampah",netral
10/16/2021,faisal,Program Makassar Tidak Rantasa sangat bagus untuk menjaga kebersihan kota,positif
10/16/2021,dewi,"Semoga pemerintah tambah tempat sampah, apalagi di area ramai",positif
10/16/2021,jaka wijaya,"Kalau bisa, tempat sampah diperbanyak supaya warga tidak buang sembarangan",positif
10/16/2021,arif,"Makassar lebih bersih sekarang, senang sekali lihat perubahan positif ini",positif
10/16/2021,lina,"Sampah di pinggir jalan sering tidak diangkut tepat waktu, bikin tidak nyaman",netral
10/16/2021,dedi,"Program kebersihan lingkungan bagus, tapi masih ada yang kurang sadar akan kebersihan",positif
10/16/2021,sinta,sampah plastik yang berserakan di pantai bikin pemandangan jadi buruk,negatif
10/16/2021,hendra,"Bagus ada edukasi kebersihan untuk anak-anak sekolah, semoga generasi berikutnya lebih peduli.",positif
10/16/2021,mira,"Masih banyak warga buang sampah sembarangan, terutama di area pasar.",netral
10/16/2021,doni,"Jika pemerintah dan masyarakat bekerja sama, Makassar bisa bebas sampah",positif
10/16/2021,puput,Lebih banyak fasilitas sampah di tempat wisata akan membuat pengunjung lebih disiplin,negatif
10/16/2021,fajar,"kalau malam, banyak sampah di jalan, seharusnya ada petugas yang patroli kebersihan",netral
10/16/2021,tini,Saya rasa program bank sampah bisa efektif kalau lebih banyak sosialisasi,positif
10/16/2021,agus,Saya rasa program bank sampah bisa efektif kalau lebih banyak sosialisasi,positif
10/16/2021,dian,"Salut untuk relawan yang sering bersih-bersih pantai, kalian keren",positif
10/16/2021,riko,"Sering lihat orang buang sampah dari kendaraan, padahal tempat sampah sudah banyak",netral
10/16/2021,rina,"Harusnya pemerintah buat program yang lebih efektif, biar masyarakat lebih sadar kebersihan",positif
10/16/2021,dita,"Makassar sudah mulai bersih, semoga ke depannya bisa lebih baik lagi",positif
10/16/2021,arman,"Dengan adanya petugas kebersihan, kita bisa lihat perubahan di beberapa titik kota",netral
10/16/2021,iwan,"Semakin banyak program kebersihan, tapi efeknya belum terasa merata",positif
10/16/2021,nia,"Sedih lihat sampah yang mengalir di sungai saat banjir, ini bisa dicegah",negatif
10/16/2021,ria,"Senang ada bank sampah, bisa mengurangi limbah plastik di lingkungan",positif
10/16/2021,toni sanjaya,Tempat wisata jadi lebih nyaman karena ada tim kebersihan yang rutin membersihkan,positif
10/16/2021,andi,Salut untuk anak muda Makassar yang ikut aksi bersih-bersih pantai Semoga semakin banyak yang terinspirasi,positif
10/16/2021,fitri,"Kalau di sekitar rumah sudah ada bank sampah, kenapa masih banyak yang buang sampah sembarangan",netral
10/16/2021,daeng sari,Keren banget sekarang banyak mural di tempat sampah kota. Bikin orang jadi sadar pentingnya buang sampah di tempatnya,positif
10/16/2021,Eka deng pasewan,"Pemerintah seharusnya memberi denda lebih tegas untuk yang buang sampah sembarangan, biar ada efek jera",positif
10/16/2021,andi adi,Sekarang ada aplikasi untuk lapor soal sampah liar! Teknologi bisa banget bantu kebersihan kota,positif
10/16/2021,tenri lita,Sampah plastik terus jadi masalah. Mungkin harus ada aturan tentang kantong plastik sekali pakai,negatif
10/16/2021,andi Hasan,"Semakin banyak acara edukasi lingkungan di sekolah, semoga anak-anak jadi lebih peduli soal sampah",negatif
10/16/2021,maya nur ,"Sedih lihat kanal penuh sampah setiap kali hujan, apalagi banyak sampah",negatif
10/16/2021,dimas ,Rasanya lebih nyaman kalau ada lebih banyak tempat sampah di tempat umum. Kadang susah cari tempat sampah,positif
10/16/2021,jannah,"Paling kesal lihat orang buang sampah sembarangan di jalan, padahal tempat sampah ada di dekatnya",negatif
10/16/2021,daeng burhan,"Bank sampah sangat membantu kami, warga bisa dapat tambahan dari hasil jualan sampah plastik",negatif
10/16/2021,yudi sanjaya,"Bagus kalau ada pengelolaan limbah organik untuk jadi pupuk, bisa kurangi sampah sekaligus jadi manfaat",positif
10/16/2021,Hana,"Sampah plastik di pasar tradisional banyak banget, semoga ada solusi biar lebih bersih",positif
10/16/2021,andi ririn,Lebih sering dijumpai sampah di pinggir jalan kalau malam.,netral
10/16/2021,akbar,"Harusnya ada lomba kampung terbersih tiap bulan, biar warga lebih semangat jaga lingkungan",positif
10/16/2021,mira,"Sampah menumpuk di sekitar rumah saya, sudah lapor tapi belum ada tindakan dari pemerintah",netral
10/16/2021,rezki,"Keren lihat kampanye #MakassarBebasSampah di media sosial, semoga bisa jadi gerakan besar untuk warga",positif
10/16/2021,elia,"Bau sampah di sekitar pasar sangat mengganggu, terutama di musim panas. Butuh pengangkutan lebih rutin",netral
10/16/2021,yusyatu,"Sampah plastik terlalu banyak, semoga ada solusi",negatif
10/16/2021,baharuddin,Semoga pasar l makin bersih dengan program pengelolaan sampah,positif
